Player,Team,Season,Position,Base Salary,Guaranteed Compensation,Date
Lionel Messi,MIA,2024,F,12000000.0,20446668.0,9/13/2024
Lorenzo Insigne,TOR,2024,F,7500000.0,15400000.0,9/13/2024
Sergio Busquets,MIA,2024,M,8499996.0,8774996.0,9/13/2024
Sebastián Driussi,ATX,2024,M,4500000.0,6722500.0,9/13/2024
Federico Bernardeschi,TOR,2024,F,3125000.0,6295381.0,9/13/2024
Emil Forsberg,NYRB,2024,F,5405000.0,6035625.0,9/13/2024
Héctor Herrera,HOU,2024,M,4750000.0,5246875.0,9/13/2024
Hany Mukhtar,NSH,2024,M,3800000.0,5211667.0,9/13/2024
Christian Benteke,DCU,2024,F,4250000.0,4687500.0,9/13/2024
Riqui Puig,LAG,2024,M,4000000.0,4642188.0,9/13/2024
Carles Gil,NER,2024,M,4000000.0,4452083.0,9/13/2024
Luis Muriel,ORL,2024,F,2832817.0,4336150.0,9/13/2024
Luciano Acosta,CIN,2024,M,2960000.0,4216413.0,9/13/2024
Joseph Paintsil,LAG,2024,F,3136000.0,4182000.0,9/13/2024
Alan Pulido,SKC,2024,F,3600000.0,3866667.0,9/13/2024
Aleksey Miranchuk,ATL,2024,M,2400000.0,3685441.0,9/13/2024
Olivier Giroud,LAFC,2024,F,2800000.0,3675000.0,9/13/2024
Dénis Bouanga,LAFC,2024,F,2920000.0,3609500.0,9/13/2024
Teemu Pukki,MIN,2024,F,3200000.0,3550000.0,9/13/2024
Hugo Cuypers,CHI,2024,F,3238000.0,3528044.0,9/13/2024
Walker Zimmerman,NSH,2024,D,3200000.0,3456979.0,9/13/2024
Diego Rossi,CLB,2024,M,2675000.0,3376827.0,9/13/2024
Ryan Gauld,VAN,2024,M,2880000.0,2985000.0,9/13/2024
Sam Surridge,NSH,2024,F,2500000.0,2907639.0,9/13/2024
Cucho Hernández,CLB,2024,F,2600000.0,2886000.0,9/13/2024
Stuart Armstrong,VAN,2024,M,2499996.0,2877774.0,9/13/2024
Ezequiel Ponce,HOU,2024,F,2560000.0,2822200.0,9/13/2024
Raúl Ruidíaz,SEA,2024,F,2000000.0,2729120.0,9/13/2024
Jonathan Rodríguez,POR,2024,F,1775000.0,2627500.0,9/13/2024
Thiago Martins,NYC,2024,D,2000000.0,2462000.0,9/13/2024
Gabriel Pec,LAG,2024,F,1680000.0,2459000.0,9/13/2024
Liel Abada,CLT,2024,F,2300000.0,2448500.0,9/13/2024
Evander,POR,2024,M,1930000.0,2355000.0,9/13/2024
Sebastián Ferreira,HOU,2024,F,1920000.0,2290200.0,9/13/2024
Karol Swiderski,CLT,2024,F,2200000.0,2258000.0,9/13/2024
Petar Musa,FCD,2024,F,1800000.0,2230000.0,9/13/2024
Albert Rusnák,SEA,2024,M,2150000.0,2221667.0,9/13/2024
Pep Biel,CLT,2024,M,1960000.0,2214147.0,9/13/2024
Nicholas Gioacchini,CIN,2024,F,2000004.0,2206115.0,9/13/2024
Jesús Ferreira,FCD,2024,F,2000000.0,2204000.0,9/13/2024
Marcel Hartel,STL,2024,M,1797600.0,2183113.0,9/13/2024
Mateusz Klich,DCU,2024,M,1900000.0,2093588.0,9/13/2024
Cristian Arango,RSL,2024,F,1899996.0,2088746.0,9/13/2024
Mikael Uhre,PHI,2024,F,1800000.0,2040000.0,9/13/2024
Cristian Espinoza,SJE,2024,F,1820000.0,2002000.0,9/13/2024
Kévin Cabral,COL,2024,F,1950000.0,1950000.0,9/13/2024
Giacomo Vrioni,NER,2024,F,1700000.0,1947500.0,9/13/2024
Lewis O'Brien,LAFC,2024,M,1600000.0,1825500.0,9/13/2024
Facundo Torres,ORL,2024,F,1560000.0,1812400.0,9/13/2024
Victor Wanyama,MTL,2024,M,1440000.0,1800000.0,9/13/2024
Diogo Gonçalves,RSL,2024,M,1650000.0,1797108.0,9/13/2024
Dániel Gazdag,PHI,2024,M,1600000.0,1757500.0,9/13/2024
Paul Arriola,FCD,2024,F,1550000.0,1729400.0,9/13/2024
Jordan Morris,SEA,2024,F,1683750.0,1693750.0,9/13/2024
Carlos Gruezo,SJE,2024,M,1460000.0,1681086.0,9/13/2024
Djordje Mihailovic,COL,2024,M,1350000.0,1675000.0,9/13/2024
Alex Ring,ATX,2024,M,1525000.0,1665000.0,9/13/2024
Roman Bürki,STL,2024,GK,1525000.0,1657469.0,9/13/2024
Robin Lod,MIN,2024,M,1500000.0,1639375.0,9/13/2024
Gastón Giménez,CHI,2024,M,1600000.0,1633333.0,9/13/2024
Alan Velasco,FCD,2024,F,1250000.0,1591667.0,9/13/2024
Miles Robinson,CIN,2024,D,1431820.0,1578580.0,9/13/2024
Kellyn Acosta,CHI,2024,M,1392188.0,1558869.0,9/13/2024
Cristian Roldan,SEA,2024,M,1420000.0,1541000.0,9/13/2024
Darlington Nagbe,CLB,2024,M,1400000.0,1540000.0,9/13/2024
Nemanja Radoja,SKC,2024,M,1440000.0,1530000.0,9/13/2024
Matt Miazga,CIN,2024,D,1525000.0,1525000.0,9/13/2024
Hannes Wolf,NYC,2024,F,1400000.0,1510000.0,9/13/2024
Jordi Alba,MIA,2024,D,1250000.0,1500000.0,9/13/2024
Luis Suárez,MIA,2024,F,1500000.0,1500000.0,9/13/2024
Dante Vanzeir,NYRB,2024,F,1350000.0,1489767.0,9/13/2024
João Paulo,SEA,2024,M,1400000.0,1483333.0,9/13/2024
Felipe Mora,POR,2024,F,1275000.0,1472750.0,9/13/2024
Rafael Navarro,COL,2024,F,1392000.0,1449600.0,9/13/2024
Obinna Nwobodo,CIN,2024,M,1310000.0,1444400.0,9/13/2024
Kelvin Yeboah,MIN,2024,F,1225000.0,1427200.0,9/13/2024
Gastón Brugman,LAG,2024,M,1200000.0,1409000.0,9/13/2024
Lewis Morgan,NYRB,2024,F,1250000.0,1381250.0,9/13/2024
João Klauss,STL,2024,F,1230000.0,1370284.0,9/13/2024
Martín Rodríguez,DCU,2024,F,1100000.0,1366200.0,9/13/2024
Marlon,LAFC,2024,D,1350000.0,1350000.0,9/13/2024
Eduard Löwen,STL,2024,M,1200000.0,1344250.0,9/13/2024
Andreas Maxsø,COL,2024,D,1150000.0,1342500.0,9/13/2024
Rafael Czichos,CHI,2024,D,1300000.0,1336667.0,9/13/2024
Santiago Rodríguez,NYC,2024,M,1200000.0,1331333.0,9/13/2024
Justen Glad,RSL,2024,D,1150000.0,1330000.0,9/13/2024
Richie Laryea,TOR,2024,D,990000.0,1329438.0,9/13/2024
Diego Fagundez,LAG,2024,F,1250000.0,1310000.0,9/13/2024
Josef Martínez,MTL,2024,F,1309091.0,1309091.0,9/13/2024
Aaron Long,LAFC,2024,D,1259760.0,1303044.0,9/13/2024
Dániel Sallói,SKC,2024,F,1300000.0,1300000.0,9/13/2024
Ilie Sánchez,LAFC,2024,M,1267875.0,1267875.0,9/13/2024
Marco Reus,LAG,2024,M,960000.0,1216667.0,9/13/2024
Chidozie Awaziem,CIN,2024,D,1080000.0,1205675.0,9/13/2024
Joakim Nilsson,STL,2024,D,1135000.0,1203500.0,9/13/2024
Felipe Carballo,NYRB,2024,M,1020000.0,1169777.0,9/13/2024
Pedro de la Vega,SEA,2024,F,785000.0,1164000.0,9/13/2024
Andrés Cubas,VAN,2024,M,1050000.0,1146375.0,9/13/2024
Duncan McGuire,ORL,2024,F,825000.0,1146000.0,9/13/2024
Jakob Glesnes,PHI,2024,D,1000000.0,1138125.0,9/13/2024
Stian Gregersen,ATL,2024,D,1000000.0,1120000.0,9/13/2024
Bruno Wilson,SJE,2024,D,1000000.0,1118333.0,9/13/2024
Randall Leal,NSH,2024,F,1000000.0,1115000.0,9/13/2024
Erik Thommy,SKC,2024,M,1000000.0,1106250.0,9/13/2024
Cedric Teuchert,STL,2024,F,950000.0,1092500.0,9/13/2024
Julian Gressel,MIA,2024,M,1092069.0,1092069.0,9/13/2024
Pedro Gallese,ORL,2024,GK,800000.0,1089333.0,9/13/2024
Joaquín Fernández,SKC,2024,D,1000000.0,1072083.0,9/13/2024
Talles Magno,NYC,2024,F,950000.0,1065000.0,9/13/2024
James Sands,NYC,2024,M,1000000.0,1058333.0,9/13/2024
Paxton Pomykal,FCD,2024,M,950000.0,1058000.0,9/13/2024
Tim Parker,NER,2024,D,1000000.0,1037500.0,9/13/2024
Henry Kessler,STL,2024,D,1000000.0,1033333.0,9/13/2024
Kai Wagner,PHI,2024,D,875000.0,1032500.0,9/13/2024
Keaton Parks,NYC,2024,M,900000.0,1030000.0,9/13/2024
Sean Davis,NSH,2024,M,910000.0,1024000.0,9/13/2024
Hernán López,SJE,2024,M,850000.0,1020000.0,9/13/2024
Tomás Chancalay,NER,2024,F,950000.0,1010000.0,9/13/2024
Jeremy Ebobisse,SJE,2024,F,859478.0,1005361.0,9/13/2024
Nicolás Freire,MIA,2024,D,400000.0,1000000.0,9/13/2024
Gyasi Zardes,ATX,2024,F,1000000.0,1000000.0,9/13/2024
Johnny Russell,SKC,2024,F,1000000.0,1000000.0,9/13/2024
Osman Bukari,ATX,2024,F,1000000.0,1000000.0,9/13/2024
Matt Crooks,RSL,2024,M,1000000.0,1000000.0,9/13/2024
Saba Lobjanidze,ATL,2024,F,900000.0,998750.0,9/13/2024
Alessandro Schöpf,VAN,2024,M,900000.0,992500.0,9/13/2024
Andre Blake,PHI,2024,GK,800000.0,981250.0,9/13/2024
Martín Ojeda,ORL,2024,F,900000.0,972600.0,9/13/2024
Cristian Dájome,DCU,2024,F,900000.0,965625.0,9/13/2024
Robin Jansson,ORL,2024,D,850000.0,946667.0,9/13/2024
Mathías Laborda,VAN,2024,D,800000.0,943625.0,9/13/2024
Jackson Yueill,SJE,2024,M,900000.0,936875.0,9/13/2024
Sergio Santos,CIN,2024,F,800000.0,915625.0,9/13/2024
Sam Adekugbe,VAN,2024,D,825000.0,913000.0,9/13/2024
Amahl Pellegrino,SJE,2024,F,850000.0,912500.0,9/13/2024
Pablo Ruiz,RSL,2024,M,825000.0,911500.0,9/13/2024
Álvaro Barreal,CIN,2024,M,690000.0,909297.0,9/13/2024
Dario Zuparic,POR,2024,D,735000.0,907950.0,9/13/2024
Rémi Walter,SKC,2024,M,900000.0,900000.0,9/13/2024
Zack Steffen,COL,2024,GK,900000.0,900000.0,9/13/2024
DeAndre Yedlin,CIN,2024,D,850000.0,898750.0,9/13/2024
Brian Gutiérrez,CHI,2024,M,803409.0,895879.0,9/13/2024
Alhassan Yusuf,NER,2024,M,800000.0,895311.0,9/13/2024
Jack Elliott,PHI,2024,D,800000.0,893750.0,9/13/2024
Maya Yoshida,LAG,2024,D,800000.0,893334.0,9/13/2024
Matías Cóccaro,MTL,2024,F,800000.0,888000.0,9/13/2024
Steven Moreira,CLB,2024,D,800000.0,882000.0,9/13/2024
Shaq Moore,NSH,2024,D,800000.0,881500.0,9/13/2024
Mark Delgado,LAG,2024,M,800000.0,876250.0,9/13/2024
Luis Abram,ATL,2024,D,732275.0,871888.0,9/13/2024
Sam Vines,COL,2024,D,850000.0,862500.0,9/13/2024
Teenage Hadebe,CIN,2024,D,704952.0,854952.0,9/13/2024
Ashley Westwood,CLT,2024,M,750000.0,850000.0,9/13/2024
Cole Bassett,COL,2024,M,850000.0,850000.0,9/13/2024
Aaron Herrera,DCU,2024,D,750000.0,845220.0,9/13/2024
Reggie Cannon,COL,2024,D,750000.0,841500.0,9/13/2024
Sebastian Lletget,FCD,2024,M,750000.0,841250.0,9/13/2024
Jonathan Osorio,TOR,2024,M,788036.0,836369.0,9/13/2024
Yeimar Gómez Andrade,SEA,2024,D,750000.0,832500.0,9/13/2024
Bartosz Slisz,ATL,2024,M,630000.0,830000.0,9/13/2024
Erik Sviatchenko,HOU,2024,D,774996.0,824996.0,9/13/2024
Anderson Julio,RSL,2024,F,750000.0,820000.0,9/13/2024
Miguel Tapias,MIN,2024,D,725000.0,811875.0,9/13/2024
Sergii Kryvtsov,MIA,2024,D,750000.0,809000.0,9/13/2024
Prince Owusu,TOR,2024,F,700000.0,807500.0,9/13/2024
Tomas Ostrak,STL,2024,M,700000.0,801000.0,9/13/2024
Mario González,LAFC,2024,F,800000.0,800000.0,9/13/2024
Nicolás Lodeiro,ORL,2024,M,800000.0,800000.0,9/13/2024
Jack Maher,NSH,2024,D,700000.0,795467.0,9/13/2024
DeJuan Jones,CLB,2024,D,786996.0,793246.0,9/13/2024
Yohei Takaoka,VAN,2024,GK,672000.0,789713.0,9/13/2024
Artur,HOU,2024,M,700000.0,783375.0,9/13/2024
Santiago Sosa,ATL,2024,M,685000.0,778100.0,9/13/2024
Xavier Arreaga,NER,2024,D,775000.0,775000.0,9/13/2024
Tyler Boyd,NSH,2024,F,770000.0,775000.0,9/13/2024
Julio Cascante,ATX,2024,D,700000.0,773750.0,9/13/2024
Kamal Miller,POR,2024,D,742500.0,767500.0,9/13/2024
Tai Baribo,PHI,2024,F,650000.0,760000.0,9/13/2024
Matti Peltola,DCU,2024,M,681818.0,757818.0,9/13/2024
Sigurd Rosted,TOR,2024,D,750000.0,755000.0,9/13/2024
Raoul Petretta,TOR,2024,D,675000.0,754750.0,9/13/2024
Brian White,VAN,2024,F,754500.0,754500.0,9/13/2024
Lassi Lappalainen,MTL,2024,F,720000.0,750000.0,9/13/2024
Mark-Anthony Kaye,NER,2024,M,750000.0,750000.0,9/13/2024
Khiry Shelton,SKC,2024,F,700000.0,750000.0,9/13/2024
Tristan Blackmon,VAN,2024,D,750000.0,750000.0,9/13/2024
Birk Risa,NYC,2024,D,660000.0,749750.0,9/13/2024
Brooks Lennon,ATL,2024,D,740000.0,740000.0,9/13/2024
Andrés Herrera,CLB,2024,D,650000.0,737158.0,9/13/2024
Gabriel Pirani,DCU,2024,M,665000.0,731700.0,9/13/2024
Michael Boxall,MIN,2024,D,675000.0,728097.0,9/13/2024
Leonardo Campana,MIA,2024,F,600000.0,722333.0,9/13/2024
Dave Romney,NER,2024,D,675000.0,721667.0,9/13/2024
Yuya Kubo,CIN,2024,M,650000.0,721667.0,9/13/2024
Aníbal Godoy,NSH,2024,M,650000.0,721250.0,9/13/2024
John Tolkin,NYRB,2024,D,640000.0,720800.0,9/13/2024
Andrés Reyes,NYRB,2024,D,642000.0,717000.0,9/13/2024
Latif Blessing,HOU,2024,M,650000.0,715000.0,9/13/2024
César Araújo,ORL,2024,M,675000.0,714000.0,9/13/2024
Chris Mueller,CHI,2024,F,650004.0,712324.0,9/13/2024
Corey Baird,CIN,2024,F,644319.0,712026.0,9/13/2024
Derrick Etienne Jr.,TOR,2024,F,710062.0,710062.0,9/13/2024
Rodrigues,SJE,2024,D,650000.0,708000.0,9/13/2024
Miguel Araujo,POR,2024,D,550000.0,705313.0,9/13/2024
Sean Johnson,TOR,2024,GK,426039.0,703301.0,9/13/2024
Eugene Ansah,FCD,2024,F,600000.0,702833.0,9/13/2024
Lalas Abubakar,COL,2024,D,665000.0,702125.0,9/13/2024
Joaquín Pereyra,MIN,2024,M,610000.0,699800.0,9/13/2024
Boris Enow,DCU,2024,M,585895.0,699795.0,9/13/2024
Arnaud Souquet,CHI,2024,D,620012.0,699679.0,9/13/2024
Rubio Rubín,RSL,2024,F,626400.0,699247.0,9/13/2024
Eduard Atuesta,LAFC,2024,M,689700.0,689700.0,9/13/2024
Jovan Mijatović,NYC,2024,F,650000.0,687500.0,9/13/2024
Ranko Veselinović,VAN,2024,D,620000.0,687125.0,9/13/2024
Steve Clark,HOU,2024,GK,625000.0,684281.0,9/13/2024
Dejan Joveljic,LAG,2024,F,683750.0,683750.0,9/13/2024
Andrew Farrell,NER,2024,D,683750.0,683750.0,9/13/2024
Sebastien Ibeagha,FCD,2024,D,620000.0,683625.0,9/13/2024
David Brekalo,ORL,2024,D,600000.0,683000.0,9/13/2024
Jeong Sang-Bin,MIN,2024,F,575750.0,682458.0,9/13/2024
Luca Langoni,NER,2024,F,610000.0,682283.0,9/13/2024
Cristian Olivera,LAFC,2024,F,680000.0,680000.0,9/13/2024
Cristhian Paredes,POR,2024,M,580000.0,678000.0,9/13/2024
Dominik Marczuk,RSL,2024,F,600000.0,675500.0,9/13/2024
Eryk Williamson,POR,2024,M,675000.0,675000.0,9/13/2024
Facundo Farías,MIA,2024,M,650000.0,675000.0,9/13/2024
Omar Campos,LAFC,2024,D,675000.0,675000.0,9/13/2024
Mateusz Bogusz,LAFC,2024,M,675000.0,675000.0,9/13/2024
Pedro Vite,VAN,2024,M,621000.0,674997.0,9/13/2024
Fafa Picault,VAN,2024,F,650000.0,670000.0,9/13/2024
Dylan Borrero,NER,2024,F,600000.0,663962.0,9/13/2024
Yaw Yeboah,CLB,2024,F,600000.0,663750.0,9/13/2024
Franco Ibarra,ATL,2024,M,600000.0,660000.0,9/13/2024
Coco Carrasquilla,HOU,2024,M,550000.0,658750.0,9/13/2024
Braian Ojeda,RSL,2024,M,600000.0,658653.0,9/13/2024
Joe Willis,NSH,2024,GK,600000.0,658333.0,9/13/2024
Mason Toye,POR,2024,F,600000.0,658000.0,9/13/2024
Martín Cáceres,LAG,2024,D,600000.0,656667.0,9/13/2024
Bongokuhle Hlongwane,MIN,2024,F,605000.0,655000.0,9/13/2024
Leo Väisänen,ATX,2024,D,600000.0,654500.0,9/13/2024
Russell Canouse,DCU,2024,M,650000.0,650000.0,9/13/2024
Ryan Hollingshead,LAFC,2024,D,645000.0,645000.0,9/13/2024
Andrés Perea,NYC,2024,M,575000.0,641500.0,9/13/2024
Timothy Tillman,LAFC,2024,M,600000.0,637500.0,9/13/2024
Tim Melia,SKC,2024,GK,625000.0,637500.0,9/13/2024
Omir Fernández,COL,2024,F,575000.0,636875.0,9/13/2024
Julián Fernández,NYC,2024,F,564000.0,628300.0,9/13/2024
Carlos Terán,CHI,2024,D,529000.0,619000.0,9/13/2024
Maxime Crépeau,POR,2024,GK,555000.0,618333.0,9/13/2024
Miki Yamane,LAG,2024,D,550000.0,616667.0,9/13/2024
Brad Guzan,ATL,2024,GK,600000.0,612500.0,9/13/2024
Nathan Byrne,CLT,2024,D,560000.0,607833.0,9/13/2024
Santiago Moreno,POR,2024,F,550000.0,607500.0,9/13/2024
Amine Bassi,HOU,2024,M,605000.0,605000.0,9/13/2024
Xande Silva,ATL,2024,F,560000.0,604250.0,9/13/2024
Brandon Servania,TOR,2024,M,550000.0,602708.0,9/13/2024
Danley Jean Jacques,PHI,2024,M,550000.0,602100.0,9/13/2024
Tim Leibold,SKC,2024,D,600000.0,601050.0,9/13/2024
Andrew Gutman,CHI,2024,D,600000.0,600000.0,9/13/2024
Stefan Frei,SEA,2024,GK,600000.0,600000.0,9/13/2024
Dru Yearwood,NSH,2024,M,550000.0,597250.0,9/13/2024
Carlos Akapo,SJE,2024,D,550000.0,595111.0,9/13/2024
Jamal Thiaré,ATL,2024,F,500000.0,595000.0,9/13/2024
Matt Polster,NER,2024,M,550000.0,591667.0,9/13/2024
Tim Ream,CLT,2024,D,500000.0,577750.0,9/13/2024
Kristijan Kahlina,CLT,2024,GK,550000.0,576875.0,9/13/2024
Marino Hinestroza,CLB,2024,F,500000.0,574750.0,9/13/2024
Daniel Lovitz,NSH,2024,D,556244.0,573744.0,9/13/2024
Jere Uronen,CLT,2024,D,525000.0,572813.0,9/13/2024
Nouhou,SEA,2024,D,550000.0,571875.0,9/13/2024
Cory Burke,NYRB,2024,F,500000.0,571871.0,9/13/2024
Tristan Muyumba,ATL,2024,M,525000.0,566600.0,9/13/2024
Matt Hedges,ATX,2024,D,428313.0,560922.0,9/13/2024
Jesús Murillo,LAFC,2024,D,500000.0,559500.0,9/13/2024
Sergi Palencia,LAFC,2024,D,350004.0,557504.0,9/13/2024
Hassani Dotson,MIN,2024,M,500000.0,557500.0,9/13/2024
Federico Navarro,CHI,2024,M,500000.0,557500.0,9/13/2024
Elias Manoel,NYRB,2024,F,480000.0,557250.0,9/13/2024
Kyle Duncan,NYRB,2024,D,500000.0,555750.0,9/13/2024
Yevhen Cheberko,CLB,2024,D,505000.0,553250.0,9/13/2024
Rudy Camacho,CLB,2024,D,475000.0,551000.0,9/13/2024
Jáder Obrian,ATX,2024,F,495000.0,550401.0,9/13/2024
Léo Chú,SEA,2024,F,550000.0,550000.0,9/13/2024
Nathan,SEA,2024,D,550000.0,550000.0,9/13/2024
Asier Illarramendi,FCD,2024,M,500000.0,549750.0,9/13/2024
Carlos Coronel,NYRB,2024,GK,500000.0,549649.0,9/13/2024
Agustín Ojeda,NYC,2024,F,480000.0,547833.0,9/13/2024
Marco Farfan,FCD,2024,D,512000.0,544813.0,9/13/2024
Jamie Paterson,CLT,2024,M,500000.0,534444.0,9/13/2024
Iván Angulo,ORL,2024,F,500004.0,532664.0,9/13/2024
Brayan Vera,RSL,2024,D,475000.0,532000.0,9/13/2024
Sebastian Kowalczyk,HOU,2024,M,461000.0,530618.0,9/13/2024
Griffin Dorsey,HOU,2024,D,475000.0,529667.0,9/13/2024
Sean Nealis,NYRB,2024,D,450000.0,526250.0,9/13/2024
Alex Muyl,NSH,2024,F,525000.0,525000.0,9/13/2024
Chase Gasper,CHI,2024,D,500000.0,525000.0,9/13/2024
Lawrence Ennali,HOU,2024,F,450000.0,524250.0,9/13/2024
Franco Escobar,HOU,2024,D,475000.0,524167.0,9/13/2024
Connor Ronan,COL,2024,M,470000.0,522400.0,9/13/2024
William Agada,SKC,2024,F,475000.0,521875.0,9/13/2024
Henry Wingo,TOR,2024,D,450000.0,521031.0,9/13/2024
Wilder Cartagena,ORL,2024,M,480000.0,520250.0,9/13/2024
Matías Rojas,MIA,2024,M,150000.0,516667.0,9/13/2024
Jonathan Mensah,NER,2024,D,450000.0,512500.0,9/13/2024
Dany Rosero,SKC,2024,D,510000.0,510000.0,9/13/2024
Diego Chara,POR,2024,M,500000.0,508333.0,9/13/2024
Tom Pearce,MTL,2024,D,450000.0,507625.0,9/13/2024
David Schnegg,DCU,2024,D,400000.0,506250.0,9/13/2024
Show,FCD,2024,M,462000.0,504350.0,9/13/2024
Diego Gómez,MIA,2024,M,500000.0,504167.0,9/13/2024
Bjørn Inge Utvik,VAN,2024,D,450000.0,502083.0,9/13/2024
Ibrahim Aliyu,HOU,2024,F,450000.0,501379.0,9/13/2024
Mikkel Desler,ATX,2024,D,500000.0,500000.0,9/13/2024
David Martínez,LAFC,2024,F,500000.0,500000.0,9/13/2024
Maxi Moralez,NYC,2024,M,480000.0,500000.0,9/13/2024
Pavel Bucha,CIN,2024,M,450000.0,498782.0,9/13/2024
Daniel Steres,HOU,2024,D,450000.0,498425.0,9/13/2024
Christian Ramírez,CLB,2024,F,450000.0,495833.0,9/13/2024
Jhojan Valencia,ATX,2024,M,450000.0,495125.0,9/13/2024
Chris Durkin,STL,2024,M,450000.0,495000.0,9/13/2024
Patrick Yazbek,NSH,2024,M,375000.0,491013.0,9/13/2024
Antony,POR,2024,F,425000.0,490042.0,9/13/2024
Pedro Santos,DCU,2024,F,450000.0,490000.0,9/13/2024
Kevin Kelsy,CIN,2024,F,480000.0,485533.0,9/13/2024
Kwadwo Opoku,MTL,2024,F,344828.0,485055.0,9/13/2024
Bill Tuiloma,CLT,2024,D,460000.0,484938.0,9/13/2024
Alexandru Matan,CLB,2024,M,450000.0,483250.0,9/13/2024
Dylan Chambost,CLB,2024,M,375000.0,482219.0,9/13/2024
Dayne St. Clair,MIN,2024,GK,460000.0,481875.0,9/13/2024
Brad Stuver,ATX,2024,GK,459000.0,481813.0,9/13/2024
Robert Voloder,SKC,2024,D,450000.0,477860.0,9/13/2024
Noah Eile,NYRB,2024,D,420000.0,473200.0,9/13/2024
Allan Arigoni,CHI,2024,D,462000.0,472000.0,9/13/2024
Bobby Wood,NER,2024,F,450000.0,471250.0,9/13/2024
Brad Smith,HOU,2024,D,424999.0,471249.0,9/13/2024
Georgios Koutsias,CHI,2024,F,470800.0,470800.0,9/13/2024
Aljaž Ivačič,NER,2024,GK,385000.0,470000.0,9/13/2024
Alexandros Katranis,RSL,2024,D,400000.0,469875.0,9/13/2024
Alex Roldan,SEA,2024,D,465000.0,465000.0,9/13/2024
Tayvon Gray,NYC,2024,D,350000.0,461500.0,9/13/2024
Monsef Bakrar,NYC,2024,F,360000.0,456720.0,9/13/2024
Deybi Flores,TOR,2024,M,400000.0,456667.0,9/13/2024
Tobias Salquist,CHI,2024,D,400000.0,454167.0,9/13/2024
David Ayala,POR,2024,M,400000.0,452000.0,9/13/2024
Andreu Fontàs,SKC,2024,D,450000.0,450000.0,9/13/2024
Ronald Hernández,ATL,2024,D,450000.0,450000.0,9/13/2024
Tyler Miller,DCU,2024,GK,425000.0,450000.0,9/13/2024
Roman Celentano,CIN,2024,GK,400000.0,449000.0,9/13/2024
Diego Luna,RSL,2024,M,400000.0,448833.0,9/13/2024
Derrick Williams,ATL,2024,D,400000.0,447500.0,9/13/2024
Wil Trapp,MIN,2024,M,400000.0,445000.0,9/13/2024
George Campbell,MTL,2024,D,400000.0,441250.0,9/13/2024
Ruan,FCD,2024,D,440000.0,440000.0,9/13/2024
Damir Kreilach,VAN,2024,M,440000.0,440000.0,9/13/2024
Kerwin Vargas,CLT,2024,F,400000.0,437125.0,9/13/2024
Edwin Mosquera,ATL,2024,F,400000.0,437000.0,9/13/2024
Jonathan Lewis,COL,2024,F,410000.0,435000.0,9/13/2024
Tommy McNamara,NER,2024,F,435000.0,435000.0,9/13/2024
Samuel Piette,MTL,2024,M,397375.0,434500.0,9/13/2024
Malte Amundsen,CLB,2024,D,360000.0,432500.0,9/13/2024
Idan Toklomati,CLT,2024,F,390000.0,427700.0,9/13/2024
Daniel,SJE,2024,GK,425000.0,425000.0,9/13/2024
Olivier Mbaizo,PHI,2024,D,350000.0,423589.0,9/13/2024
Sean Zawadzki,CLB,2024,M,375000.0,421875.0,9/13/2024
Fabian Herbers,CHI,2024,F,400000.0,421250.0,9/13/2024
Nacho Gil,NER,2024,F,400000.0,421250.0,9/13/2024
Shane O'Neill,TOR,2024,D,375000.0,413000.0,9/13/2024
Edwin Cerrillo,LAG,2024,M,400000.0,412500.0,9/13/2024
Tomás Avilés,MIA,2024,D,384996.0,412496.0,9/13/2024
Sunusi Ibrahim,MTL,2024,F,350000.0,410000.0,9/13/2024
Bryce Duke,MTL,2024,M,325000.0,406875.0,9/13/2024
Nikola Petkovic,CLT,2024,M,360000.0,406250.0,9/13/2024
Drake Callender,MIA,2024,GK,349992.0,405909.0,9/13/2024
Logan Ndenbe,SKC,2024,D,400000.0,405000.0,9/13/2024
Marcelo Silva,RSL,2024,D,400000.0,400000.0,9/13/2024
Keegan Rosenberry,COL,2024,D,400000.0,400000.0,9/13/2024
JT Marcinkowski,SJE,2024,GK,400000.0,400000.0,9/13/2024
Rodrigo Schlegel,ORL,2024,D,350000.0,399250.0,9/13/2024
Dennis Gjengaar,NYRB,2024,F,340000.0,398769.0,9/13/2024
Ramiro Enrique,ORL,2024,F,340909.0,398636.0,9/13/2024
Marco Angulo,CIN,2024,M,350000.0,398000.0,9/13/2024
Maarten Paes,FCD,2024,GK,325000.0,397000.0,9/13/2024
Jacob Shaffelburg,NSH,2024,F,350000.0,395000.0,9/13/2024
Brandon Bye,NER,2024,D,375000.0,393813.0,9/13/2024
Njabulo Blom,STL,2024,M,300000.0,392250.0,9/13/2024
Diego Rubio,ATX,2024,F,350000.0,390000.0,9/13/2024
Alejandro Bedoya,PHI,2024,M,324996.0,389996.0,9/13/2024
Danny Musovski,SEA,2024,F,359091.0,389394.0,9/13/2024
Ema Twumasi,FCD,2024,D,370000.0,389300.0,9/13/2024
Brandt Bronico,CLT,2024,M,350000.0,389000.0,9/13/2024
Vitor Costa,SJE,2024,D,350000.0,388333.0,9/13/2024
William Yarbrough,SJE,2024,GK,385000.0,385000.0,9/13/2024
Daniel Edelman,NYRB,2024,M,385000.0,385000.0,9/13/2024
Dominic Iankov,MTL,2024,M,350000.0,385000.0,9/13/2024
Marcelo Weigandt,MIA,2024,D,150000.0,384708.0,9/13/2024
Joel Waterman,MTL,2024,D,336000.0,384333.0,9/13/2024
Maren Haile-Selassie,CHI,2024,M,344000.0,383500.0,9/13/2024
Caden Clark,MTL,2024,M,350000.0,382000.0,9/13/2024
Claudio Bravo,POR,2024,D,325000.0,381654.0,9/13/2024
Déiber Caicedo,VAN,2024,F,350000.0,381125.0,9/13/2024
Emerson Rodríguez,MIA,2024,F,345000.0,380700.0,9/13/2024
Mohamed Farsi,CLB,2024,M,350000.0,380000.0,9/13/2024
Édier Ocampo,VAN,2024,D,325000.0,378299.0,9/13/2024
Mauricio Pineda,CHI,2024,D,345000.0,376220.0,9/13/2024
Nick Lima,NER,2024,D,375000.0,375000.0,9/13/2024
Jon Gallagher,ATX,2024,D,375000.0,375000.0,9/13/2024
Selmir Pidro,STL,2024,D,325000.0,374375.0,9/13/2024
Nelson Palacio,RSL,2024,M,330000.0,373167.0,9/13/2024
Tomás Ángel,LAFC,2024,F,250000.0,368750.0,9/13/2024
Raheem Edwards,MTL,2024,D,335000.0,367500.0,9/13/2024
Cavan Sullivan,PHI,2024,M,200000.0,364000.0,9/13/2024
Derrick Jones,CLB,2024,M,324996.0,362496.0,9/13/2024
Gastón González,ORL,2024,F,360000.0,362000.0,9/13/2024
Theodore Ku-Dipietro,DCU,2024,M,300000.0,356000.0,9/13/2024
Adilson Malanda,CLT,2024,D,325000.0,353083.0,9/13/2024
Cameron Harper,NYRB,2024,F,300000.0,351250.0,9/13/2024
Rafael Santos,ORL,2024,D,324996.0,351184.0,9/13/2024
Hugo Lloris,LAFC,2024,GK,350000.0,350000.0,9/13/2024
Jefferson Díaz,MIN,2024,D,350000.0,350000.0,9/13/2024
Žan Kolmanič,ATX,2024,D,350000.0,350000.0,9/13/2024
Josh Atencio,SEA,2024,M,350000.0,350000.0,9/13/2024
Zac MacMath,RSL,2024,GK,350000.0,350000.0,9/13/2024
Joaquín Torres,PHI,2024,F,300000.0,349800.0,9/13/2024
Nkosi Tafari,FCD,2024,D,347750.0,347750.0,9/13/2024
Geovane Jesus,FCD,2024,D,300000.0,347000.0,9/13/2024
Dagur Dan Thórhallsson,ORL,2024,D,300000.0,345125.0,9/13/2024
Enes Sali,FCD,2024,F,300000.0,345000.0,9/13/2024
Nicolás Acevedo,NYC,2024,M,300000.0,344800.0,9/13/2024
Franco Negri,MIA,2024,D,250000.0,342500.0,9/13/2024
Miguel Navarro,COL,2024,D,300000.0,339000.0,9/13/2024
Alfredo Morales,SJE,2024,M,300000.0,335500.0,9/13/2024
Julián Aude,LAG,2024,D,325000.0,335000.0,9/13/2024
Paul Marie,SJE,2024,D,300000.0,332500.0,9/13/2024
Mitja Ilenic,NYC,2024,D,240000.0,331700.0,9/13/2024
Sebastian Berhalter,VAN,2024,M,330000.0,330000.0,9/13/2024
Rasmus Alm,STL,2024,F,265500.0,329925.0,9/13/2024
Benji Kikanović,SJE,2024,F,292000.0,328700.0,9/13/2024
Alonso Martínez,NYC,2024,F,300000.0,328483.0,9/13/2024
Robert Taylor,MIA,2024,F,300000.0,326900.0,9/13/2024
Carlos Vela,LAFC,2024,F,325000.0,325000.0,9/13/2024
Jannes Horn,STL,2024,D,318000.0,324667.0,9/13/2024
Franco Fragapane,MIN,2024,F,310000.0,317500.0,9/13/2024
Cassius Mailula,TOR,2024,F,300000.0,316003.0,9/13/2024
Tomas Totland,STL,2024,D,273000.0,314763.0,9/13/2024
Leon Flach,PHI,2024,M,300000.0,314500.0,9/13/2024
Jesús Bueno,PHI,2024,M,280000.0,312625.0,9/13/2024
Jaylin Lindsey,CLT,2024,D,275000.0,311875.0,9/13/2024
Strahinja Tanasijević,NYC,2024,D,240000.0,308750.0,9/13/2024
Jonathan Pérez,LAG,2024,F,275000.0,308000.0,9/13/2024
Ethan Finlay,ATX,2024,F,262500.0,306250.0,9/13/2024
Kyle Smith,ORL,2024,D,290000.0,305900.0,9/13/2024
Jake Girdwood-Reich,STL,2024,M,266200.0,304977.0,9/13/2024
Josh Cohen,ATL,2024,GK,265000.0,303500.0,9/13/2024
Indiana Vassilev,STL,2024,M,270000.0,301750.0,9/13/2024
Andrew Brody,RSL,2024,D,275000.0,300678.0,9/13/2024
Tanner Beason,SJE,2024,D,300000.0,300000.0,9/13/2024
Oleksandr Svatok,ATX,2024,D,300000.0,300000.0,9/13/2024
Djibril Diani,CLT,2024,M,260000.0,297944.0,9/13/2024
Dante Sealy,FCD,2024,F,275000.0,297750.0,9/13/2024
Brian Anunga,NSH,2024,M,275000.0,295000.0,9/13/2024
Alvas Powell,CIN,2024,D,250000.0,294500.0,9/13/2024
Ryan Meara,NYRB,2024,GK,294000.0,294000.0,9/13/2024
Júnior Urso,CLT,2024,M,250000.0,292500.0,9/13/2024
John Nelson,LAG,2024,D,275000.0,291667.0,9/13/2024
Juan Mosquera,POR,2024,D,225000.0,291650.0,9/13/2024
John McCarthy,LAG,2024,GK,275000.0,290000.0,9/13/2024
David Martínez,MIA,2024,D,150000.0,289839.0,9/13/2024
Marvin Loría,POR,2024,F,250000.0,289375.0,9/13/2024
Ian Harkes,NER,2024,M,275000.0,286583.0,9/13/2024
Teal Bunbury,NSH,2024,F,250000.0,285000.0,9/13/2024
Tom Barlow,CHI,2024,F,250000.0,280000.0,9/13/2024
Andrew Tarbell,HOU,2024,GK,250000.0,280000.0,9/13/2024
Jake Nerwinski,STL,2024,D,250000.0,277500.0,9/13/2024
Kevin Long,TOR,2024,D,250000.0,277500.0,9/13/2024
Christopher McVey,DCU,2024,D,252000.0,276300.0,9/13/2024
Lachlan Brook,RSL,2024,F,252000.0,274883.0,9/13/2024
Jared Stroud,DCU,2024,F,230000.0,272500.0,9/13/2024
Dylan Nealis,NYRB,2024,D,247500.0,272500.0,9/13/2024
Alec Kann,CIN,2024,GK,250000.0,270833.0,9/13/2024
Matt Freese,NYC,2024,GK,250000.0,270000.0,9/13/2024
Dawid Bugaj,MTL,2024,D,240000.0,267600.0,9/13/2024
Olwethu Makhanya,PHI,2024,D,225000.0,263875.0,9/13/2024
Nathan Harriel,PHI,2024,D,240000.0,262050.0,9/13/2024
Danny Leyva,SEA,2024,M,235000.0,259900.0,9/13/2024
Fernando Álvarez,MTL,2024,D,225000.0,257000.0,9/13/2024
Dax McCarty,ATL,2024,M,225000.0,256250.0,9/13/2024
Jasper Löeffelsend,COL,2024,M,230000.0,255833.0,9/13/2024
Federico Redondo,MIA,2024,M,150000.0,255000.0,9/13/2024
Nelson Quiñones,HOU,2024,F,231996.0,252890.0,9/13/2024
Joaquín Sosa,MTL,2024,D,251500.0,251500.0,9/13/2024
Ariel Lassiter,CHI,2024,F,230000.0,250280.0,9/13/2024
Eddie Segura,LAFC,2024,D,250000.0,250000.0,9/13/2024
Ethan Bartlow,HOU,2024,D,250000.0,250000.0,9/13/2024
Róbert Thorkelsson,MTL,2024,D,225000.0,248500.0,9/13/2024
Chris Brady,CHI,2024,GK,225000.0,248250.0,9/13/2024
Erik Holt,RSL,2024,D,225000.0,243750.0,9/13/2024
Pedro Amador,ATL,2024,D,207000.0,242612.0,9/13/2024
Emiro Garcés,LAG,2024,D,200000.0,238000.0,9/13/2024
Liam Fraser,FCD,2024,M,200000.0,227750.0,9/13/2024
Michael Halliday,ORL,2024,D,200000.0,227500.0,9/13/2024
Jack McGlynn,PHI,2024,M,200000.0,226533.0,9/13/2024
Stefan Cleveland,ATX,2024,GK,200000.0,224167.0,9/13/2024
John Pulskamp,SKC,2024,GK,200000.0,223500.0,9/13/2024
Alex Bono,DCU,2024,GK,200000.0,220000.0,9/13/2024
Maxime Chanot,LAFC,2024,D,220000.0,220000.0,9/13/2024
Thiago Andrade,NYC,2024,F,200000.0,219600.0,9/13/2024
Maikel Chang,RSL,2024,F,195000.0,218750.0,9/13/2024
Javain Brown,RSL,2024,D,205000.0,218688.0,9/13/2024
Heine Gikling Bruseth,ORL,2024,M,175000.0,217471.0,9/13/2024
Wyatt Omsberg,CHI,2024,D,200000.0,217000.0,9/13/2024
Matty Longstaff,TOR,2024,M,197000.0,216378.0,9/13/2024
Gabriele Corbo,MTL,2024,D,216350.0,216350.0,9/13/2024
Sam Junqua,FCD,2024,D,200000.0,212368.0,9/13/2024
Benji Michel,RSL,2024,F,185000.0,209667.0,9/13/2024
Clint Irwin,MIN,2024,GK,190000.0,203533.0,9/13/2024
Casey Walls,SJE,2024,D,200000.0,203000.0,9/13/2024
Nökkvi Thórisson,STL,2024,F,180000.0,202438.0,9/13/2024
Benjamin Cremaschi,MIA,2024,M,99716.0,202216.0,9/13/2024
Finn Surman,POR,2024,D,175200.0,202183.0,9/13/2024
Jefferson Valverde,HOU,2024,M,159996.0,201657.0,9/13/2024
Guilherme Biro,ATX,2024,D,200000.0,200000.0,9/13/2024
Brendan Hines-Ike,ATX,2024,D,199992.0,199992.0,9/13/2024
Célio Pompeu,STL,2024,F,164095.0,198989.0,9/13/2024
Kevon Lambert,RSL,2024,M,180000.0,198150.0,9/13/2024
Zac McGraw,POR,2024,D,150000.0,196750.0,9/13/2024
Kevin O'Toole,NYC,2024,D,175000.0,195833.0,9/13/2024
DJ Taylor,MIN,2024,D,160000.0,190117.0,9/13/2024
Kyle Hiebert,STL,2024,D,159996.0,188996.0,9/13/2024
Érik Dueñas,LAFC,2024,M,185500.0,187500.0,9/13/2024
Emmanuel Boateng,NER,2024,M,155000.0,186500.0,9/13/2024
Matúš Kmeť,MIN,2024,D,165000.0,182469.0,9/13/2024
Julian Hall,NYRB,2024,F,100000.0,182241.0,9/13/2024
Jahkeele Marshall-Rutty,MTL,2024,D,175000.0,181813.0,9/13/2024
Miguel Berry,LAG,2024,F,175008.0,181675.0,9/13/2024
Jalen Neal,LAG,2024,D,165000.0,178625.0,9/13/2024
Mohammed Sofo,NYRB,2024,F,120000.0,178000.0,9/13/2024
Patrickson Delgado,FCD,2024,M,150000.0,176280.0,9/13/2024
Brandan Craig,PHI,2024,D,160000.0,172825.0,9/13/2024
Luis Barraza,NYC,2024,GK,165000.0,172688.0,9/13/2024
Matt Real,PHI,2024,D,155000.0,171500.0,9/13/2024
Ján Greguš,HOU,2024,M,150000.0,170313.0,9/13/2024
Emmanuel Ochoa,SJE,2024,GK,160000.0,170071.0,9/13/2024
Wikelman Carmona,NYRB,2024,M,165000.0,170000.0,9/13/2024
Moses Nyeman,MIN,2024,M,150000.0,168822.0,9/13/2024
Juan José Mina,NYRB,2024,D,150000.0,165432.0,9/13/2024
Spencer Richey,CHI,2024,GK,165000.0,165000.0,9/13/2024
Justin Haak,NYC,2024,M,150000.0,165000.0,9/13/2024
Simon Becher,STL,2024,F,138000.0,159273.0,9/13/2024
Mason Stajduhar,ORL,2024,GK,142000.0,157650.0,9/13/2024
Matt Bersano,ATX,2024,GK,150000.0,157500.0,9/13/2024
Ronald Donkor,NYRB,2024,M,130000.0,155400.0,9/13/2024
Earl Edwards Jr.,NER,2024,GK,155000.0,155000.0,9/13/2024
Ryan Raposo,VAN,2024,M,150000.0,155000.0,9/13/2024
Tyler Wolff,ATL,2024,F,150000.0,154500.0,9/13/2024
Quinn Sullivan,PHI,2024,F,150000.0,153500.0,9/13/2024
Jonathan Sirois,MTL,2024,GK,135000.0,152156.0,9/13/2024
Jack Skahan,SJE,2024,M,150000.0,150000.0,9/13/2024
Andrew Thomas,SEA,2024,GK,150000.0,150000.0,9/13/2024
Novak Micovic,LAG,2024,GK,150000.0,150000.0,9/13/2024
Tate Schmitt,HOU,2024,D,150000.0,150000.0,9/13/2024
Felipe,ORL,2024,M,150000.0,150000.0,9/13/2024
Sebastian Anderson,COL,2024,D,150000.0,150000.0,9/13/2024
Micael,HOU,2024,D,135000.0,149250.0,9/13/2024
Luke Singh,TOR,2024,D,140000.0,147966.0,9/13/2024
James Pantemis,POR,2024,GK,125000.0,145833.0,9/13/2024
Antonio Carrera,FCD,2024,GK,125000.0,144519.0,9/13/2024
Mauricio Cuevas,LAG,2024,D,125000.0,143500.0,9/13/2024
Nathan Saliba,MTL,2024,M,130000.0,142434.0,9/13/2024
Mikael Marques,MIN,2024,D,125000.0,141250.0,9/13/2024
Ethan Bristow,MIN,2024,D,89716.0,140902.0,9/13/2024
Zack Farnsworth,RSL,2024,D,125000.0,139750.0,9/13/2024
Kristian Fletcher,DCU,2024,F,120000.0,139509.0,9/13/2024
Joseph Rosales,MIN,2024,M,93988.0,138690.0,9/13/2024
Dani Pereira,ATX,2024,M,125000.0,138414.0,9/13/2024
Ben Lundt,STL,2024,GK,125000.0,137833.0,9/13/2024
Ian Murphy,CIN,2024,D,89716.0,137216.0,9/13/2024
Patrick Schulte,CLB,2024,GK,125000.0,134978.0,9/13/2024
Aimé Mabika,TOR,2024,D,125000.0,133125.0,9/13/2024
Will Sands,NER,2024,D,125000.0,131250.0,9/13/2024
Nathan Ordaz,LAFC,2024,F,128500.0,131000.0,9/13/2024
Michael Edwards,COL,2024,D,130000.0,130000.0,9/13/2024
Jude Wellings,RSL,2024,M,110000.0,130000.0,9/13/2024
Bode Hidalgo,RSL,2024,D,125000.0,129294.0,9/13/2024
Cruz Medina,SJE,2024,M,110000.0,128394.0,9/13/2024
Ousseni Bouda,SJE,2024,F,125000.0,127500.0,9/13/2024
AJ Marcucci,NYRB,2024,GK,110000.0,127425.0,9/13/2024
Calvin Harris,COL,2024,F,125000.0,127000.0,9/13/2024
Thomas Williams,ORL,2024,D,120000.0,126530.0,9/13/2024
Daniel Ríos,ATL,2024,F,89716.0,126383.0,9/13/2024
Axel Kei,RSL,2024,F,110000.0,126000.0,9/13/2024
Gavin Beavers,RSL,2024,GK,120000.0,125583.0,9/13/2024
Ian Fray,MIA,2024,D,125000.0,125000.0,9/13/2024
Ben Bender,CLT,2024,M,115000.0,125000.0,9/13/2024
Ralph Priso,VAN,2024,M,125000.0,125000.0,9/13/2024
Alejandro Bran,MIN,2024,M,125000.0,125000.0,9/13/2024
Dominique Badji,DCU,2024,F,89716.0,124716.0,9/13/2024
Owen Wolff,ATX,2024,M,110000.0,123600.0,9/13/2024
Maximo Carrizo,NYC,2024,M,89716.0,123239.0,9/13/2024
Jonathan Dean,CHI,2024,D,115000.0,123167.0,9/13/2024
McKinze Gaines,HOU,2024,F,120000.0,122750.0,9/13/2024
Esmir Bajraktarevic,NER,2024,F,115000.0,120923.0,9/13/2024
Jake Davis,SKC,2024,D,120000.0,120000.0,9/13/2024
Reed Baker-Whiting,SEA,2024,M,100000.0,120000.0,9/13/2024
Brooklyn Raines,HOU,2024,M,100000.0,118063.0,9/13/2024
Joe Bendik,VAN,2024,GK,108000.0,116673.0,9/13/2024
Victor Bezerra,CHI,2024,F,104004.0,116465.0,9/13/2024
Robert Castellanos,SKC,2024,D,115000.0,115000.0,9/13/2024
Júnior Moreno,HOU,2024,M,89716.0,114716.0,9/13/2024
Omar González,FCD,2024,D,89716.0,114716.0,9/13/2024
Niko Tsakiris,SJE,2024,M,110000.0,114167.0,9/13/2024
Elliot Panicco,NSH,2024,GK,114000.0,114000.0,9/13/2024
Jimmy Maurer,FCD,2024,GK,89716.0,113716.0,9/13/2024
Christian McFarlane,NYC,2024,D,89716.0,112972.0,9/13/2024
Brady Scott,LAG,2024,GK,89716.0,111383.0,9/13/2024
Brian Carmona Romero,CLT,2024,F,100000.0,110833.0,9/13/2024
Belal Halbouni,VAN,2024,D,110000.0,110000.0,9/13/2024
Ben Martino,NSH,2024,GK,89716.0,109966.0,9/13/2024
Chris Donovan,PHI,2024,F,89716.0,109872.0,9/13/2024
Peter Stroud,NYRB,2024,M,89716.0,109719.0,9/13/2024
Quentin Westberg,ATL,2024,GK,89716.0,109716.0,9/13/2024
Serge Ngoma,NYRB,2024,F,89716.0,109668.0,9/13/2024
Ali Ahmed,VAN,2024,M,100000.0,109375.0,9/13/2024
Josh Yaro,STL,2024,D,89716.0,109216.0,9/13/2024
Nolan Norris,FCD,2024,D,89716.0,108358.0,9/13/2024
Jackson Ragen,SEA,2024,D,98261.0,108261.0,9/13/2024
J.C. Ngando,VAN,2024,M,89716.0,107715.0,9/13/2024
Jeremy Rafanello,PHI,2024,M,100000.0,107636.0,9/13/2024
Oliver Semmle,PHI,2024,GK,89716.0,106040.0,9/13/2024
Tarik Scott,FCD,2024,F,89716.0,105658.0,9/13/2024
Oliver Larraz,COL,2024,M,100000.0,105375.0,9/13/2024
Deandre Kerr,TOR,2024,F,100000.0,105319.0,9/13/2024
Michael Baldisimo,SJE,2024,M,105000.0,105000.0,9/13/2024
Nimfasha Berchimas,CLT,2024,F,89716.0,104650.0,9/13/2024
Luca Petrasso,ORL,2024,D,95000.0,104024.0,9/13/2024
Tega Ikoba,POR,2024,F,104000.0,104000.0,9/13/2024
Nick Hagglund,CIN,2024,D,89716.0,103237.0,9/13/2024
Oscar Verhoeven,SJE,2024,D,89716.0,103111.0,9/13/2024
Patrick Weah,MIN,2024,F,89716.0,103008.0,9/13/2024
Santiago Suárez,NER,2024,D,89716.0,102938.0,9/13/2024
Aziel Jackson,CLB,2024,M,98261.0,102243.0,9/13/2024
Lukas MacNaughton,NSH,2024,D,100000.0,102100.0,9/13/2024
Markus Anderson,PHI,2024,F,100000.0,102000.0,9/13/2024
Iuri Tavares,CLT,2024,F,89716.0,101769.0,9/13/2024
João Pedro,CLT,2024,D,89716.0,101311.0,9/13/2024
Hugo Mbongue,TOR,2024,F,89716.0,101143.0,9/13/2024
Isaiah Parker,FCD,2024,D,100000.0,101000.0,9/13/2024
Luis Rivera,RSL,2024,D,89716.0,100816.0,9/13/2024
Memo Rodríguez,SKC,2024,M,89716.0,100682.0,9/13/2024
Darren Yapi,COL,2024,F,89716.0,100549.0,9/13/2024
Kobe Franklin,TOR,2024,D,89716.0,100518.0,9/13/2024
Rida Zouhir,MTL,2024,M,89716.0,100452.0,9/13/2024
Jon Bell,SEA,2024,D,100444.0,100444.0,9/13/2024
Nicholas Hagen,CLB,2024,GK,89716.0,100340.0,9/13/2024
Kosi Thompson,TOR,2024,M,95000.0,100260.0,9/13/2024
Adem Sipic,NSH,2024,F,71401.0,100227.0,9/13/2024
Zorhan Bassong,SKC,2024,D,89716.0,99953.0,9/13/2024
Thomas Hasal,LAFC,2024,GK,89716.0,99849.0,9/13/2024
Xavier Valdez,HOU,2024,GK,89716.0,99427.0,9/13/2024
Matai Akinmboni,DCU,2024,D,89716.0,99216.0,9/13/2024
Obed Vargas,SEA,2024,M,89716.0,98748.0,9/13/2024
Bret Halsey,CIN,2024,D,89716.0,98466.0,9/13/2024
Curtis Ofori,NYRB,2024,D,89716.0,98466.0,9/13/2024
David Ochoa,LAFC,2024,GK,89716.0,98049.0,9/13/2024
Jamir Berdecio,PHI,2024,D,89716.0,97910.0,9/13/2024
Daniel Chacón,COL,2024,D,90000.0,97750.0,9/13/2024
Brandon Cambridge,CLT,2024,F,89716.0,97742.0,9/13/2024
Efrain Morales,ATL,2024,D,89716.0,97735.0,9/13/2024
Ilijah Paul,RSL,2024,F,89716.0,97229.0,9/13/2024
Hamady Diop,CLT,2024,D,89716.0,97216.0,9/13/2024
Jacen Russell-Rowe,CLB,2024,F,89716.0,97105.0,9/13/2024
Bertin Jacquesson,RSL,2024,F,89716.0,97042.0,9/13/2024
Devin Padelford,MIN,2024,D,89716.0,96716.0,9/13/2024
Jules-Anthony Vilsaint,MTL,2024,F,89716.0,96591.0,9/13/2024
Ilias Iliadis,MTL,2024,M,89716.0,96591.0,9/13/2024
Erik Centeno,ATL,2024,D,89716.0,96492.0,9/13/2024
Joshua Bolma,NER,2024,M,89716.0,96383.0,9/13/2024
Shakur Mohammed,ORL,2024,F,89716.0,95716.0,9/13/2024
Cody Baker,SEA,2024,D,89716.0,95420.0,9/13/2024
CJ dos Santos,MIA,2024,GK,89716.0,95016.0,9/13/2024
Caden Glover,STL,2024,F,89716.0,94716.0,9/13/2024
Evan Louro,CIN,2024,GK,89716.0,94716.0,9/13/2024
Javier Casas,CHI,2024,M,89716.0,94383.0,9/13/2024
Exon Arzú,HOU,2024,F,89716.0,94314.0,9/13/2024
Josh Bauer,NSH,2024,D,94202.0,94202.0,9/13/2024
Greg Ranjitsingh,TOR,2024,GK,94202.0,94202.0,9/13/2024
Isaiah Foster,CIN,2024,D,89716.0,94095.0,9/13/2024
Alonso Coello,TOR,2024,M,89716.0,94049.0,9/13/2024
Sam Adeniran,PHI,2024,F,93988.0,93988.0,9/13/2024
Zarek Valentin,MIN,2024,D,93988.0,93988.0,9/13/2024
Jeremy Garay,DCU,2024,M,89716.0,93766.0,9/13/2024
CJ Fodrey,ATX,2024,F,89716.0,93716.0,9/13/2024
Alexander Freeman,ORL,2024,D,89716.0,93716.0,9/13/2024
Hunter Sulte,POR,2024,GK,89716.0,93519.0,9/13/2024
Quimi Ordoñez,CIN,2024,F,89716.0,93253.0,9/13/2024
Ozzie Cisneros,SKC,2024,M,89716.0,92716.0,9/13/2024
Logan Ketterer,MTL,2024,GK,92610.0,92610.0,9/13/2024
Damian Rivera,NER,2024,F,92610.0,92610.0,9/13/2024
Jackson Travis,COL,2024,D,89716.0,92216.0,9/13/2024
Roald Mitchell,NYRB,2024,F,71401.0,91809.0,9/13/2024
Jack Panayotou,NER,2024,M,89716.0,91716.0,9/13/2024
Max Arfsten,CLB,2024,F,89716.0,91561.0,9/13/2024
Cole Mrowka,CLB,2024,M,71401.0,91409.0,9/13/2024
Noah Allen,MIA,2024,D,89716.0,91383.0,9/13/2024
Conner Antley,DCU,2024,D,89716.0,91383.0,9/13/2024
Samuel Shashoua,MIN,2024,F,89716.0,90549.0,9/13/2024
Jackson Hopkins,DCU,2024,F,89716.0,90002.0,9/13/2024
Ryan Spaulding,NER,2024,D,89716.0,89716.0,9/13/2024
Philip Quinton,RSL,2024,D,89716.0,89716.0,9/13/2024
Luis Zamudio,DCU,2024,GK,89716.0,89716.0,9/13/2024
Eriq Zavaleta,LAG,2024,D,89716.0,89716.0,9/13/2024
Kei Kamara,LAFC,2024,F,89716.0,89716.0,9/13/2024
Georgi Minoungou,SEA,2024,M,89716.0,89716.0,9/13/2024
Felipe Valencia,MIA,2024,F,89716.0,89716.0,9/13/2024
Jacob Jackson,SJE,2024,GK,89716.0,89716.0,9/13/2024
Keegan Hughes,CLB,2024,D,89716.0,89716.0,9/13/2024
Paul Rothrock,SEA,2024,F,89716.0,89716.0,9/13/2024
Taylor Washington,NSH,2024,D,89716.0,89716.0,9/13/2024
Tommy Thompson,SJE,2024,D,89716.0,89716.0,9/13/2024
Héctor Jiménez,ATX,2024,D,89716.0,89716.0,9/13/2024
Preston Judd,SJE,2024,F,89716.0,89716.0,9/13/2024
Ethan Bandré,COL,2024,GK,89716.0,89716.0,9/13/2024
Levonte Johnson,VAN,2024,F,89716.0,89716.0,9/13/2024
Derek Dodson,MIN,2024,D,89716.0,89716.0,9/13/2024
George Marks,CLT,2024,GK,89716.0,89716.0,9/13/2024
Abraham Romero,CLB,2024,GK,89716.0,89716.0,9/13/2024
Sergio Oregel,CHI,2024,M,89716.0,89716.0,9/13/2024
Hayden Sargis,DCU,2024,D,89716.0,89716.0,9/13/2024
Brent Kallman,NSH,2024,D,89716.0,89716.0,9/13/2024
Will Richmond,SJE,2024,F,89716.0,89716.0,9/13/2024
Bernard Kamungo,FCD,2024,F,89716.0,89716.0,9/13/2024
John Klein,STL,2024,M,89716.0,89716.0,9/13/2024
Noah Cobb,ATL,2024,D,89716.0,89716.0,9/13/2024
Noel Caliskan,RSL,2024,M,89716.0,89716.0,9/13/2024
Jacob Castro,SEA,2024,GK,89716.0,89716.0,9/13/2024
Kipp Keller,CIN,2024,D,89716.0,89716.0,9/13/2024
Lucas Bartlett,DCU,2024,D,89716.0,89716.0,9/13/2024
Yamil Asad,CIN,2024,F,89716.0,89716.0,9/13/2024
Alec Smir,MIN,2024,GK,89716.0,89716.0,9/13/2024
Jaziel Orozco,RSL,2024,M,89716.0,89716.0,9/13/2024
Stiven Jimenez,CIN,2024,M,89716.0,89716.0,9/13/2024
Tsiki Ntsabeleng,FCD,2024,M,89716.0,89716.0,9/13/2024
Óscar Ustari,MIA,2024,GK,89716.0,89716.0,9/13/2024
Missael Rodríguez,CHI,2024,F,89716.0,89716.0,9/13/2024
Damian Las,ATX,2024,GK,89716.0,89716.0,9/13/2024
Dylan Teves,SEA,2024,M,89716.0,89716.0,9/13/2024
Rio Hope-Gund,NYC,2024,D,89716.0,89716.0,9/13/2024
Evan Bush,CLB,2024,GK,89716.0,89716.0,9/13/2024
Tomas Gomez,RSL,2024,GK,89716.0,89716.0,9/13/2024
Jack Lynn,ORL,2024,F,89716.0,89716.0,9/13/2024
Isaac Boehmer,VAN,2024,GK,89716.0,89716.0,9/13/2024
Braudílio Rodrigues,SEA,2024,F,89716.0,89716.0,9/13/2024
Trey Muse,POR,2024,GK,89716.0,89716.0,9/13/2024
Noel Buck,NER,2024,M,89716.0,89716.0,9/13/2024
Tani Oluwaseyi,MIN,2024,F,89716.0,89716.0,9/13/2024
Tomás Gómez,RSL,2024,GK,89716.0,89716.0,9/13/2024
Luca Orellano,CIN,2024,F,89716.0,89716.0,9/13/2024
Sebastian Breza,MTL,2024,GK,89716.0,89716.0,9/13/2024
Rémi Cabral,COL,2024,F,89716.0,89716.0,9/13/2024
Ryan Sailor,MIA,2024,D,89716.0,89716.0,9/13/2024
Amar Sejdić,NSH,2024,M,89716.0,89716.0,9/13/2024
Anthony Markanich,MIN,2024,D,89716.0,89716.0,9/13/2024
Holden Trent,PHI,2024,GK,89716.0,89716.0,9/13/2024
Jeffrey Gal,CHI,2024,GK,89716.0,89716.0,9/13/2024
Emeka Eneli,RSL,2024,M,89716.0,89716.0,9/13/2024
David Bingham,CLT,2024,GK,89716.0,89716.0,9/13/2024
Eric Miller,POR,2024,D,89716.0,89716.0,9/13/2024
Gerardo Valenzuela,CIN,2024,M,71401.0,88943.0,9/13/2024
Jordan Adebayo-Smith,MIN,2024,F,71401.0,88621.0,9/13/2024
Aidan Stokes,NYRB,2024,GK,71401.0,88169.0,9/13/2024
David Vazquez,PHI,2024,F,71401.0,87281.0,9/13/2024
Davi Alexandre,NYRB,2024,D,71401.0,86111.0,9/13/2024
Tahir Reid-Brown,ORL,2024,D,71401.0,85909.0,9/13/2024
Nelson Pierre,PHI,2024,F,71401.0,85517.0,9/13/2024
Stephen Annor Gyamfi,HOU,2024,F,71401.0,85151.0,9/13/2024
Christopher Olney Jr.,PHI,2024,M,71401.0,85066.0,9/13/2024
Chituru Odunze,CLT,2024,GK,71401.0,84909.0,9/13/2024
Adam Pearlman,TOR,2024,D,71401.0,84701.0,9/13/2024
Zavier Gozo,RSL,2024,F,71401.0,84124.0,9/13/2024
Jonathan Shore,NYC,2024,M,71401.0,83901.0,9/13/2024
Edwyn Mendoza,SJE,2024,M,71401.0,83841.0,9/13/2024
Bajung Darboe,LAFC,2024,F,71401.0,83781.0,9/13/2024
Stuart Hawkins,SEA,2024,D,71401.0,83422.0,9/13/2024
Taha Habroune,CLB,2024,M,71401.0,83401.0,9/13/2024
Lazar Stefanovic,TOR,2024,D,71401.0,83307.0,9/13/2024
Micah Burton,ATX,2024,M,71401.0,82401.0,9/13/2024
Andrew Rick,PHI,2024,GK,71401.0,81316.0,9/13/2024
Carlos Harvey,MIN,2024,M,71401.0,81028.0,9/13/2024
Isaiah LeFlore,PHI,2024,D,71401.0,80764.0,9/13/2024
Santiago Morales,MIA,2024,M,71401.0,79734.0,9/13/2024
Paul Walters,CIN,2024,GK,71401.0,79368.0,9/13/2024
Max Anchor,VAN,2024,GK,71401.0,78843.0,9/13/2024
Tommy Silva,RSL,2024,D,71401.0,77383.0,9/13/2024
Matteo Schiavoni,MTL,2024,M,71401.0,77383.0,9/13/2024
Andrew Baiera,NYC,2024,D,71401.0,77337.0,9/13/2024
Malcolm Fry,NER,2024,F,71401.0,76961.0,9/13/2024
Delentz Pierre,RSL,2024,D,71401.0,76836.0,9/13/2024
Nicholas Pariano,PHI,2024,M,71401.0,76594.0,9/13/2024
Joey Skinner,NSH,2024,D,71401.0,76401.0,9/13/2024
Ian James,SKC,2024,D,71401.0,75999.0,9/13/2024
Zidane Yañez,NYC,2024,F,71401.0,75568.0,9/13/2024
Adam Beaudry,COL,2024,GK,71401.0,75568.0,9/13/2024
Isaiah Jones,NSH,2024,M,71401.0,75401.0,9/13/2024
Lorenzo Dellavalle,LAFC,2024,D,71401.0,75151.0,9/13/2024
Luka Gavran,TOR,2024,GK,71401.0,74868.0,9/13/2024
Yannick Bright,MIA,2024,M,71401.0,74426.0,9/13/2024
Loïc Mesanvi,MIN,2024,F,71401.0,74392.0,9/13/2024
Akil Watts,STL,2024,D,74096.0,74096.0,9/13/2024
Sota Kitahara,SEA,2024,M,71401.0,73901.0,9/13/2024
Joey Akpunonu,CIN,2024,D,71401.0,73901.0,9/13/2024
Tyrese Spicer,TOR,2024,F,71401.0,73901.0,9/13/2024
Grayson Doody,MTL,2024,D,71401.0,73682.0,9/13/2024
Favian Loyola,ORL,2024,F,71401.0,73536.0,9/13/2024
Peyton Miller,NER,2024,D,71401.0,73401.0,9/13/2024
Giuseppe Bovalina,VAN,2024,D,71401.0,73401.0,9/13/2024
Jack Neeley,CLT,2024,D,71401.0,73401.0,9/13/2024
David Ruiz,MIA,2024,M,71401.0,73401.0,9/13/2024
Israel Boatwright,MIA,2024,D,71401.0,73401.0,9/13/2024
Hugo Bacharach,MIN,2024,D,71401.0,73285.0,9/13/2024
Laurence Wootton,CHI,2024,M,71401.0,73285.0,9/13/2024
Tucker Lepley,LAG,2024,F,71401.0,73087.0,9/13/2024
Jamar Ricketts,SJE,2024,D,71401.0,72988.0,9/13/2024
Kimani Stewart-Baynes,COL,2024,F,71401.0,72401.0,9/13/2024
Matthew Bell,RSL,2024,F,71401.0,71847.0,9/13/2024
Abdi Salim,ORL,2024,D,71401.0,71401.0,9/13/2024
Wayne Frederick,COL,2024,M,71401.0,71401.0,9/13/2024
Gabe Segal,HOU,2024,F,71401.0,71401.0,9/13/2024
Jacob Murrell,DCU,2024,F,71401.0,71401.0,9/13/2024
Malachi Jones,NYC,2024,F,71401.0,71401.0,9/13/2024
Alessandro Biello,MTL,2024,M,71401.0,71401.0,9/13/2024
Hosei Kijima,STL,2024,M,71401.0,71401.0,9/13/2024
Bryant Farkarlun,ATX,2024,F,71401.0,71401.0,9/13/2024
Chance Cowell,SJE,2024,F,71401.0,71401.0,9/13/2024
Danny Flores,SKC,2024,M,71401.0,71401.0,9/13/2024
Carl Sainté,FCD,2024,M,71401.0,71401.0,9/13/2024
Christian Olivares,STL,2024,GK,71401.0,71401.0,9/13/2024
Daniel Munie,SJE,2024,D,71401.0,71401.0,9/13/2024
Jeevan Badwal,VAN,2024,M,71401.0,71401.0,9/13/2024
Malik Pinto,CIN,2024,M,71401.0,71401.0,9/13/2024
Nicksoen Gomis,TOR,2024,D,71401.0,71401.0,9/13/2024
Adyn Torres,ATL,2024,M,71401.0,71401.0,9/13/2024
Yutaro Tsukada,ORL,2024,F,71401.0,71401.0,9/13/2024
Matthew Edwards,ATL,2024,D,71401.0,71401.0,9/13/2024
Woobens Pacius,NSH,2024,F,71401.0,71401.0,9/13/2024
Aaron Bibout,LAG,2024,F,71401.0,71401.0,9/13/2024
Herbert Endeley,FCD,2024,D,71401.0,71401.0,9/13/2024
Luke Brennan,ATL,2024,F,71401.0,71401.0,9/13/2024
Tyler Hall,MIA,2024,D,71401.0,71401.0,9/13/2024
Ryan Schewe,SKC,2024,GK,71401.0,71401.0,9/13/2024
Bryan Dowd,CHI,2024,GK,71401.0,71401.0,9/13/2024
Isaiah Parente,LAG,2024,M,71401.0,71401.0,9/13/2024
Luca Moisa,RSL,2024,M,71401.0,71401.0,9/13/2024
Kevin Bonilla,RSL,2024,D,71401.0,71401.0,9/13/2024
Nick Firmino,ATL,2024,M,71401.0,71401.0,9/13/2024
Diego Rosales,LAFC,2024,D,71401.0,71401.0,9/13/2024
Nathan Crockford,DCU,2024,GK,71401.0,71401.0,9/13/2024
Morris Duggan,MIN,2024,D,71401.0,71401.0,9/13/2024
Alex Rando,NYC,2024,GK,71401.0,71401.0,9/13/2024
Forster Ajago,NSH,2024,F,71401.0,71401.0,9/13/2024
Tomas Pondeca,FCD,2024,M,71401.0,71401.0,9/13/2024
Nicholas Scardina,CLT,2024,D,71401.0,71401.0,9/13/2024
Julian Gaines,NSH,2024,D,71401.0,71401.0,9/13/2024
Jeorgio Kocevski,ORL,2024,M,71401.0,71401.0,9/13/2024
Nate Jones,COL,2024,D,71401.0,71401.0,9/13/2024
Leo Afonso,MIA,2024,F,71401.0,71401.0,9/13/2024
Luca Bombino,LAFC,2024,D,71401.0,71401.0,9/13/2024
Michael Wentzel,STL,2024,D,71401.0,71401.0,9/13/2024
Luis Müller,LAFC,2024,F,71401.0,71401.0,9/13/2024
Jose Carlos Mercado,ORL,2024,GK,71401.0,71401.0,9/13/2024
Tyson Pearce,STL,2024,D,71401.0,71401.0,9/13/2024
London Aghedo,CIN,2024,D,71401.0,71401.0,9/13/2024
Tyger Smalls,CLT,2024,F,71401.0,71401.0,9/13/2024
Amet Korça,FCD,2024,D,71401.0,71401.0,9/13/2024
Ajani Fortune,ATL,2024,M,71401.0,71401.0,9/13/2024
Andrew Privett,CLT,2024,D,71401.0,71401.0,9/13/2024
Cole Jensen,MIA,2024,GK,71401.0,71401.0,9/13/2024
Patrick Agyemang,CLT,2024,F,71401.0,71401.0,9/13/2024
Tomás Romero,NYC,2024,GK,71401.0,71401.0,9/13/2024
Logan Farrington,FCD,2024,F,71401.0,71401.0,9/13/2024
Justin Reynolds,CHI,2024,D,71401.0,71401.0,9/13/2024
Gino Vivi,LAG,2024,F,71401.0,71401.0,9/13/2024
Javier Otero,ORL,2024,GK,71401.0,71401.0,9/13/2024
JahLane Forbes,CLT,2024,D,71401.0,71401.0,9/13/2024
Alenis Vargas,SKC,2024,F,71401.0,71401.0,9/13/2024
Miguel Perez,STL,2024,M,71401.0,71401.0,9/13/2024
Alejandro Urzua,FCD,2024,M,71401.0,71401.0,9/13/2024
Aidan O'Connor,NYRB,2024,D,71401.0,71401.0,9/13/2024
Adrian Wibowo,LAFC,2024,F,71401.0,71401.0,9/13/2024
Jayden Reid,STL,2024,D,71401.0,71401.0,9/13/2024
Lawson Sunderland,MIA,2024,M,71401.0,71401.0,9/13/2024
Garrison Tubbs,DCU,2024,D,71401.0,71401.0,9/13/2024
Ousman Jabang,MTL,2024,M,71401.0,71401.0,9/13/2024
Malik Henry-Scott,FCD,2024,F,71401.0,71401.0,9/13/2024
Stephen Afrifa,SKC,2024,F,71401.0,71401.0,9/13/2024
Chris Rindov,SKC,2024,D,71401.0,71401.0,9/13/2024
